index_name,index(i7),index2_workflow_a(i5),index2_workflow_b(i5)
SI-TS-A1,AATTTCGGGT,CTCTCTCCTC,GAGGAGAGAG
SI-TS-A2,CTACTGAATT,CGCTAGCGCT,AGCGCTAGCG
SI-TS-A3,CAAGCGTTAG,CGCGAATGCG,CGCATTCGCG
SI-TS-A4,GCTACCCGGT,ATGTAATGGA,TCCATTACAT
SI-TS-A5,CTCAGCGGGA,TTACGGATAA,TTATCCGTAA
SI-TS-A6,TCAGAACTTT,CGCAGTCCAC,GTGGACTGCG
SI-TS-A7,TAAACCCTAG,CTGATAGGAA,TTCCTATCAG
SI-TS-A8,GTCTAGTTTG,TGGTTGCAAC,GTTGCAACCA
SI-TS-A9,CCACTTACGT,TTGAAACACG,CGTGTTTCAA
SI-TS-A10,TACGGTTCAT,CGTCCAAGAT,ATCTTGGACG
SI-TS-A11,CTACCTTTCT,TTCACAGGGA,TCCCTGTGAA
SI-TS-A12,GTACCGGTAT,TTTGGATGGG,CCCATCCAAA
SI-TS-B1,TATGACGAGT,AGGATTCTCG,CGAGAATCCT
SI-TS-B2,ACCTGGTACA,TGGGTAAAGT,ACTTTACCCA
SI-TS-B3,GTCACGGGTG,TGTTATCGTT,AACGATAACA
SI-TS-B4,ACCCGCTCGA,GTCACCCGTA,TACGGGTGAC
SI-TS-B5,GTGTCTAACT,GCAAGCTCTC,GAGAGCTTGC
SI-TS-B6,CGGCCATAGG,AGCTTCGTTC,GAACGAAGCT
SI-TS-B7,CATGCTGCTC,GTGGAAACCG,CGGTTTCCAC
SI-TS-B8,CGCATTTCTC,CGCACAACCA,TGGTTGTGCG
SI-TS-B9,TCAGTGATGA,CGACTCTCGC,GCGAGAGTCG
SI-TS-B10,CACCGTCGAT,AGCTATTTCG,CGAAATAGCT
SI-TS-B11,TCTAGACGAA,TGAATTAGAG,CTCTAATTCA
SI-TS-B12,CCAGGGTCAA,CGACCTTGTC,GACAAGGTCG
SI-TS-C1,TAGGGTCAAA,TAGGCAATAA,TTATTGCCTA
SI-TS-C2,TCCTTGGAGC,CGTCAACCCA,TGGGTTGACG
SI-TS-C3,ACCGACTGAT,TCCTGGGTTC,GAACCCAGGA
SI-TS-C4,GTTACTAGAT,GACTGATCAT,ATGATCAGTC
SI-TS-C5,CGAGTTGGGT,ACTAGAAACA,TGTTTCTAGT
SI-TS-C6,CGCGCCAAAG,AAATCCAAGG,CCTTGGATTT
SI-TS-C7,GATCGCGGTA,CGGAACCGTC,GACGGTTCCG
SI-TS-C8,GCCACTTCGA,GAATACGCCA,TGGCGTATTC
SI-TS-C9,TGCTTAACGT,TACACCCACA,TGTGGGTGTA
SI-TS-C10,CCATGGAGGC,CGCCTAGGTT,AACCTAGGCG
SI-TS-C11,CAGCCAGTAA,GACATAATAC,GTATTATGTC
SI-TS-C12,TTTGAGATAC,GCACTCCGTG,CACGGAGTGC
SI-TS-D1,CTTCTAATGT,AGTGCGCACT,AGTGCGCACT
SI-TS-D2,AGGCTGATTC,GCTAGATGAC,GTCATCTAGC
SI-TS-D3,TTCTTTGTAG,GTCCTCTAAG,CTTAGAGGAC
SI-TS-D4,AGACAAGTCA,CCAGCAGCTT,AAGCTGCTGG
SI-TS-D5,ACACAGACAA,AGACGCGCTA,TAGCGCGTCT
SI-TS-D6,ACTAAATGGG,ACAAATCTGT,ACAGATTTGT
SI-TS-D7,CTAGAAATTG,CTTACTTTCG,CGAAAGTAAG
SI-TS-D8,GCGCAAACAA,CTAGATAACT,AGTTATCTAG
SI-TS-D9,GAGTAGGATT,CGTATAGCAT,ATGCTATACG
SI-TS-D10,TTATGGTGCT,TTATCCATGC,GCATGGATAA
SI-TS-D11,GAGTCCGCAA,CTCTGGAACT,AGTTCCAGAG
SI-TS-D12,ACGGAATTAC,GACAGGACGC,GCGTCCTGTC
SI-TS-E1,CACATAAACA,TACTTCAAAC,GTTTGAAGTA
SI-TS-E2,ACCAATCGTG,TCTCCACGGG,CCCGTGGAGA
SI-TS-E3,GTATAGGGTG,AAACCCTCCA,TGGAGGGTTT
SI-TS-E4,CGCTTCCAGA,TCCGGGTGCT,AGCACCCGGA
SI-TS-E5,CGATGCCCAA,AGTGGACTTA,TAAGTCCACT
SI-TS-E6,CAGAGAGGGT,CGATCGTTTA,TAAACGATCG
SI-TS-E7,TACCAGTGCG,TACCAGGCTC,GAGCCTGGTA
SI-TS-E8,GTTAAACCGC,AGCCGGCTTG,CAAGCCGGCT
SI-TS-E9,CTTAACGCTT,GCTAGTGTGA,TCACACTAGC
SI-TS-E10,GAAATGACGG,TGGAGAAGGG,CCCTTCTCCA
SI-TS-E11,TCTTCGAAGT,ACCTGATATG,CATATCAGGT
SI-TS-E12,GCGCCACATG,CATAGTTACA,TGTAACTATG
SI-TS-F1,GATAATACCG,ACCACGTAAA,TTTACGTGGT
SI-TS-F2,CTCAACCAGG,GTCTGCAGAC,GTCTGCAGAC
SI-TS-F3,CTGGCCGAAG,CATTATTCAC,GTGAATAATG
SI-TS-F4,TTTCGCAGGC,CTCGATGCAC,GTGCATCGAG
SI-TS-F5,ACTACGGACT,GAAGCGCTTC,GAAGCGCTTC
SI-TS-F6,GCGAGTTTGG,GCACCCGTAC,GTACGGGTGC
SI-TS-F7,TTGAACCTCT,GAAGATATAG,CTATATCTTC
SI-TS-F8,GTCGCGACAA,CAATCTGCCA,TGGCAGATTG
SI-TS-F9,TATGTTGTGC,ATGGCTTAAT,ATTAAGCCAT
SI-TS-F10,TAAGATGCAC,TCATAGCCAA,TTGGCTATGA
SI-TS-F11,ATAGTCATAC,GAAACTGGTC,GACCAGTTTC
SI-TS-F12,GAATGGAAGG,GTCGCTTGTA,TACAAGCGAC
SI-TS-G1,TTGGCGGCAC,GTAAGTTACT,AGTAACTTAC
SI-TS-G2,TGATCAAAGG,AACCTTACTA,TAGTAAGGTT
SI-TS-G3,CCAGACACGG,AGAAAGCGGT,ACCGCTTTCT
SI-TS-G4,CATTTACCGT,CACCTGTAAA,TTTACAGGTG
SI-TS-G5,TGGCCGTGAC,AACTGTAACG,CGTTACAGTT
SI-TS-G6,CTGAAGTTGC,GATCTTAAGC,GCTTAAGATC
SI-TS-G7,TGAGTCAAGA,GCAGATCCTA,TAGGATCTGC
SI-TS-G8,CAGAGGTAAG,TTTGCACTGA,TCAGTGCAAA
SI-TS-G9,TGAGTATCTG,TGACTCGTTC,GAACGAGTCA
SI-TS-G10,TACATATGCT,GTAATCGTGA,TCACGATTAC
SI-TS-G11,AATAGCTATC,AGTGTCGCTT,AAGCGACACT
SI-TS-G12,ACCCAGTTGT,CTTCCCACAA,TTGTGGGAAG
SI-TS-H1,CAGGACTCTA,CGTAGGATGG,CCATCCTACG
SI-TS-H2,GACCTCTATC,CGAGGTGTAA,TTACACCTCG
SI-TS-H3,AAACAGGAGA,TCGGCCCTTG,CAAGGGCCGA
SI-TS-H4,TCTATTGACA,GTGAACAAAC,GTTTGTTCAC
SI-TS-H5,CCCGCTTGAA,GCCCAAGGTA,TACCTTGGGC
SI-TS-H6,AGTGACCAGT,TTGTTAGACA,TGTCTAACAA
SI-TS-H7,CGAGCGCAGT,ACCTCAACTG,CAGTTGAGGT
SI-TS-H8,ATACCTAACT,TATAATGGTG,CACCATTATA
SI-TS-H9,CCTCCGTGTC,GTTCCAGGTA,TACCTGGAAC
SI-TS-H10,TGTGAATTTC,GAACCACGTG,CACGTGGTTC
SI-TS-H11,ACACCAGCCT,GCTGGTTCGT,ACGAACCAGC
SI-TS-H12,GACAGGCGGT,CTGGACTTAG,CTAAGTCCAG
SI-TN-A1,AGTATCTGCA,TCGCTAGCGA,TCGCTAGCGA
SI-TN-A2,TCTATGAGTG,CAACCAACGA,TCGTTGGTTG
SI-TN-A3,TTATTGACAC,GCGAACTGAT,ATCAGTTCGC
SI-TN-A4,GAACAACCTT,GAACTGGTAC,GTACCAGTTC
SI-TN-A5,TCTCGAATGT,ACGATCGCGA,TCGCGATCGT
SI-TN-A6,TTTGCTGGGT,CAAATTCCGG,CCGGAATTTG
SI-TN-A7,TCCGAATAAA,ATGCTACCGC,GCGGTAGCAT
SI-TN-A8,GTTTGAAAGT,GTACGCCATG,CATGGCGTAC
SI-TN-A9,GCACGTGACA,AGGAAGTCTG,CAGACTTCCT
SI-TN-A10,GTCGTTGCCT,AGAACTTCTT,AAGAAGTTCT
SI-TN-A11,TCGTACGATG,ACCCTCCCAT,ATGGGAGGGT
SI-TN-A12,CGCGAGTAGG,CCTGGTGACA,TGTCACCAGG
SI-TN-B1,CATAGCATGA,GACCTGCCTG,CAGGCAGGTC
SI-TN-B2,TACTGCAATA,AGAGTCCATG,CATGGACTCT
SI-TN-B3,TGGCTACCGG,CTGAGTCATT,AATGACTCAG
SI-TN-B4,ACGTTTGATT,TACTGAGAGA,TCTCTCAGTA
SI-TN-B5,TGGGTGCACA,CATGCATCAT,ATGATGCATG
SI-TN-B6,ACGAGCGGAA,AACAACTAAG,CTTAGTTGTT
SI-TN-B7,CCATTGTAAG,TACGAATTGA,TCAATTCGTA
SI-TN-B8,TAGTAGTTTG,TCATCGGGCG,CGCCCGATGA
SI-TN-B9,GATGGAAGGT,AAATTGAGCA,TGCTCAATTT
SI-TN-B10,ACAGGTTACG,AGATAAACAG,CTGTTTATCT
SI-TN-B11,AGTAGTTTGG,ATAGCATGCA,TGCATGCTAT
SI-TN-B12,TCGCCATTTG,ACGGGCATGT,ACATGCCCGT
SI-TN-C1,AAGGGTTTAC,TACTCACGCG,CGCGTGAGTA
SI-TN-C2,GCTTAAGCAA,GCCTACCGAA,TTCGGTAGGC
SI-TN-C3,GTGATCTGGG,ACTGTGTCGC,GCGACACAGT
SI-TN-C4,ATGCAAGATC,ACGCCTCTGA,TCAGAGGCGT
SI-TN-C5,TCAAAGGGTT,GATTACTGAG,CTCAGTAATC
SI-TN-C6,TCAAGTAAAG,CAGTGCTGTT,AACAGCACTG
SI-TN-C7,GCTGCTCCCA,CTACAGGGTC,GACCCTGTAG
SI-TN-C8,ATCTGTAGTT,AGGCCCAATG,CATTGGGCCT
SI-TN-C9,ATGGCGCAAA,CGATGCAAGC,GCTTGCATCG
SI-TN-C10,TAATGGGCAA,GCGCATAGGC,GCCTATGCGC
SI-TN-C11,TAACTGTAGT,ATGACCGATA,TATCGGTCAT
SI-TN-C12,AGCCTTCTCT,CTGTCCGCGT,ACGCGGACAG
SI-TN-D1,AGCGCCTTGC,GTACGAAGTG,CACTTCGTAC
SI-TN-D2,CAGTAATACA,TTGAGCTGAG,CTCAGCTCAA
SI-TN-D3,ATAGAACCAC,CTAACCTAAC,GTTAGGTTAG
SI-TN-D4,TTACAATCGT,CAGATTGTAC,GTACAATCTG
SI-TN-D5,CTGCCTGGGT,GACCAATAGC,GCTATTGGTC
SI-TN-D6,GAAAGCGCGC,GAAACATATC,GATATGTTTC
SI-TN-D7,TGTTCGCGAA,TCGTGAAATA,TATTTCACGA
SI-TN-D8,GCGTAACGAT,ATTCGTTCAA,TTGAACGAAT
SI-TN-D9,TGTCAGTAAG,AGATGACATC,GATGTCATCT
SI-TN-D10,CTACGTAGGT,GTCCCACTTA,TAAGTGGGAC
SI-TN-D11,CCTAGGCAAA,CAGAAATATC,GATATTTCTG
SI-TN-D12,TTAACGGACG,CAAACGTCGC,GCGACGTTTG
SI-TN-E1,GTCATCCTAT,CTAGGGCAAA,TTTGCCCTAG
SI-TN-E2,CGACCCAGTG,TCGCACCAAC,GTTGGTGCGA
SI-TN-E3,CATAGTTCGC,TTTCGTAACT,AGTTACGAAA
SI-TN-E4,TCACGTTGGG,CTTTGCTCCA,TGGAGCAAAG
SI-TN-E5,TAATCTTCGG,AGCCATCAAT,ATTGATGGCT
SI-TN-E6,CCATCACCAC,GTGATCCCAA,TTGGGATCAC
SI-TN-E7,CCATTAGGCG,GCATTTCATC,GATGAAATGC
SI-TN-E8,CTGGTGATAA,AGGGACCTGG,CCAGGTCCCT
SI-TN-E9,CGTTGGTCCG,GTAGCTGATA,TATCAGCTAC
SI-TN-E10,CTTCCTACTT,TCCTCCTGTA,TACAGGAGGA
SI-TN-E11,AGACGCATCT,TTGTACGTGG,CCACGTACAA
SI-TN-E12,TCGGGAGCTG,CCAGACTGCA,TGCAGTCTGG
SI-TN-F1,CCTGGCTATA,CCCTCACAAA,TTTGTGAGGG
SI-TN-F2,ACTTGTTCGA,TGGATGGGTG,CACCCATCCA
SI-TN-F3,AACCATTAGT,GTATGTCGGG,CCCGACATAC
SI-TN-F4,TTGCGGGACT,TGAGGATCGC,GCGATCCTCA
SI-TN-F5,GAGCGAAAGC,TCCTTACCAA,TTGGTAAGGA
SI-TN-F6,AGCATCACAT,TCGTAGAGGA,TCCTCTACGA
SI-TN-F7,ACCATTGCAC,ACAGTTAAGC,GCTTAACTGT
SI-TN-F8,GTTCTGGAAC,CGGGTACTGG,CCAGTACCCG
SI-TN-F9,CGGACGACCT,GTTGCGCCTC,GAGGCGCAAC
SI-TN-F10,TGGACCTTTG,TAAATCTCTG,CAGAGATTTA
SI-TN-F11,TCATATGTGA,AAAGTGTTCT,AGAACACTTT
SI-TN-F12,CGCCCTCATC,GCGTCTACGC,GCGTAGACGC
SI-TN-G1,TCATCGTTCT,AATTCGGGAA,TTCCCGAATT
SI-TN-G2,GCACTACTGA,CACTACGGTT,AACCGTAGTG
SI-TN-G3,GTTATCACGA,GCAACACCTC,GAGGTGTTGC
SI-TN-G4,CAGGCGAATA,CCCTTTACCG,CGGTAAAGGG
SI-TN-G5,TAAGTAGAAG,CGCGTTTCCT,AGGAAACGCG
SI-TN-G6,CGAGGAGCAT,CAGTAAGTCT,AGACTTACTG
SI-TN-G7,ATCACCGTTT,TGTCGAGGAG,CTCCTCGACA
SI-TN-G8,GACCGCCTTT,TTTAACTCGT,ACGAGTTAAA
SI-TN-G9,TCCCGACCTG,AACCCACCAA,TTGGTGGGTT
SI-TN-G10,ATTGTACAGT,TTGGTTACGT,ACGTAACCAA
SI-TN-G11,GACAATTGGG,ACATTTGGAA,TTCCAAATGT
SI-TN-G12,ATTGGCGCAA,TCAATTGCAA,TTGCAATTGA
SI-TN-H1,CGTTCCACAT,GAGGGAGCCA,TGGCTCCCTC
SI-TN-H2,ATCTTGCAGC,CGAGTAAGGA,TCCTTACTCG
SI-TN-H3,CAGCTGTTAT,AGTACGTGAG,CTCACGTACT
SI-TN-H4,CTACGACTGA,CATCGCCCTC,GAGGGCGATG
SI-TN-H5,GCTGGGATGC,GACTAACTGG,CCAGTTAGTC
SI-TN-H6,CCGTCGCTGA,AGGTGTTAGT,ACTAACACCT
SI-TN-H7,AAGTTAGTAC,ACGCGGAATA,TATTCCGCGT
SI-TN-H8,GACTCAGGGT,GAGACCCTTC,GAAGGGTCTC
SI-TN-H9,TGCACAAGCG,TGATGTTTGC,GCAAACATCA
SI-TN-H10,TTCGCTTAAC,CCGCTCGTTA,TAACGAGCGG
SI-TN-H11,AGACGACCGA,CCACAGAACA,TGTTCTGTGG
SI-TN-H12,AGTGGAGGGA,TGCATAGTTT,AAACTATGCA
SI-TT-A1,GTAACATGCG,AGTGTTACCT,AGGTAACACT
SI-TT-A2,GTGGATCAAA,GCCAACCCTG,CAGGGTTGGC
SI-TT-A3,CACTACGAAA,TTAGACTGAT,ATCAGTCTAA
SI-TT-A4,CTCTAGCGAG,TATCTTCATC,GATGAAGATA
SI-TT-A5,GTAGCCCTGT,GAGCATCTAT,ATAGATGCTC
SI-TT-A6,TAACGCGTGA,CCCTAACTTC,GAAGTTAGGG
SI-TT-A7,TCCCAAGGGT,TACTACCTTT,AAAGGTAGTA
SI-TT-A8,CGAAGTATAC,GAACTTGGAG,CTCCAAGTTC
SI-TT-A9,AAGTGGAGAG,TTCCTGTTAC,GTAACAGGAA
SI-TT-A10,CGTGACATGC,ATGGTCTAAA,TTTAGACCAT
SI-TT-A11,CGGAACCCAA,GATTCGAGGA,TCCTCGAATC
SI-TT-A12,CACCGCACCA,GACTGTCAAT,ATTGACAGTC
SI-TT-B1,ACAGTAACTA,ACAGTTCGTT,AACGAACTGT
SI-TT-B2,TCTACCATTT,CGGGAGAGTC,GACTCTCCCG
SI-TT-B3,CACGGTGAAT,GTTCGTCACA,TGTGACGAAC
SI-TT-B4,GTAGACGAAA,CTAGTGTGGT,ACCACACTAG
SI-TT-B5,TCGGCTCTAC,CCGATGGTCT,AGACCATCGG
SI-TT-B6,AATGCCATGA,TACGTAATGC,GCATTACGTA
SI-TT-B7,GCCTTCGGTA,CCAACGATTT,AAATCGTTGG
SI-TT-B8,GCACTGAGAA,TATGCGTGAA,TTCACGCATA
SI-TT-B9,TATTGAGGCA,CAGGTAAGTG,CACTTACCTG
SI-TT-B10,GCCCGATGGA,AATCGTCTAG,CTAGACGATT
SI-TT-B11,TCTTACTTGC,TGACCTCTAG,CTAGAGGTCA
SI-TT-B12,CGTCAAGGGC,TAGGTCACTC,GAGTGACCTA
SI-TT-C1,TGCGCGGTTT,CAAGGATAAA,TTTATCCTTG
SI-TT-C2,CAATCCCGAC,CCGAGTAGTA,TACTACTCGG
SI-TT-C3,ATGGCTTGTG,GAATGTTGTG,CACAACATTC
SI-TT-C4,TTCTCGATGA,TGTCGGGCAC,GTGCCCGACA
SI-TT-C5,TCCGTTGGAT,ACGTTCTCGC,GCGAGAACGT
SI-TT-C6,ACGACTACCA,ACGACCCTAA,TTAGGGTCGT
SI-TT-C7,CGCGCACTTA,CCTGTATTCT,AGAATACAGG
SI-TT-C8,GCTACAAAGC,CACGTGCCCT,AGGGCACGTG
SI-TT-C9,TATCAGCCTA,GTTTCGTCCT,AGGACGAAAC
SI-TT-C10,AGAATGGTTT,GAGGGTGGGA,TCCCACCCTC
SI-TT-C11,ATGGGTGAAA,CTTGGGAATT,AATTCCCAAG
SI-TT-C12,TCGTCAAGAT,GCAACTCAGG,CCTGAGTTGC
SI-TT-D1,TGCAATGTTC,GCTTGTCGAA,TTCGACAAGC
SI-TT-D2,TTAATACGCG,CACCTCGGGT,ACCCGAGGTG
SI-TT-D3,CCTTCTAGAG,AATACAACGA,TCGTTGTATT
SI-TT-D4,GCAGTATAGG,TTCCGTGCAC,GTGCACGGAA
SI-TT-D5,TGGTTCGGGT,GTGGCAGGAG,CTCCTGCCAC
SI-TT-D6,CCCAGCTTCT,GACACCAAAC,GTTTGGTGTC
SI-TT-D7,CCTGTCAGGG,AGCCCGTAAC,GTTACGGGCT
SI-TT-D8,CGCTGAAATC,AGGTGTCTGC,GCAGACACCT
SI-TT-D9,TGGTCCCAAG,CCTCTGGCGT,ACGCCAGAGG
SI-TT-D10,ATGCGAATGG,ACAAGTGTCG,CGACACTTGT
SI-TT-D11,CGAATATTCG,CTGGAAGCAA,TTGCTTCCAG
SI-TT-D12,GAATTGGTTA,ACTCTAGTAG,CTACTAGAGT
SI-TT-E1,TTATTCGAGG,CTGTCCTGCT,AGCAGGACAG
SI-TT-E2,ATGGAGGGAG,ATAACCCATT,AATGGGTTAT
SI-TT-E3,ACCAGACAAC,AGGAACTAGG,CCTAGTTCCT
SI-TT-E4,AACCACGCAT,ATTCAGGTTA,TAACCTGAAT
SI-TT-E5,CGCGGTAGGT,CAGGATGTTG,CAACATCCTG
SI-TT-E6,TTGAGAGTCA,AACCTGGTAG,CTACCAGGTT
SI-TT-E7,GTCCTTCGGC,TCATGCACAG,CTGTGCATGA
SI-TT-E8,GAGCAAGGGC,ATTGACTTGG,CCAAGTCAAT
SI-TT-E9,TGTCCCAACG,TCGATGTCCA,TGGACATCGA
SI-TT-E10,CACAATCCCA,ATATCCACAA,TTGTGGATAT
SI-TT-E11,TCCGGGACAA,GTGAATGCCA,TGGCATTCAC
SI-TT-E12,CGTCCACCTG,CATTCATGAC,GTCATGAATG
SI-TT-F1,AAGATTGGAT,AGCGGGATTT,AAATCCCGCT
SI-TT-F2,AAGGGCCGCA,CTGATTCCTC,GAGGAATCAG
SI-TT-F3,GAGAGGATAT,TTGAAATGGG,CCCATTTCAA
SI-TT-F4,CCCACCACAA,ACCTCCGCTT,AAGCGGAGGT
SI-TT-F5,CGGCTGGATG,TGATAAGCAC,GTGCTTATCA
SI-TT-F6,TTGCCCGTGC,GCGTGAGATT,AATCTCACGC
SI-TT-F7,AATGTATCCA,AATGAGCTTA,TAAGCTCATT
SI-TT-F8,CTCCTTTAGA,GACATAGCTC,GAGCTATGTC
SI-TT-F9,GTCCCATCAA,CGAACGTGAC,GTCACGTTCG
SI-TT-F10,CCGGCAACTG,CGGTTTAACA,TGTTAAACCG
SI-TT-F11,TTCACACCTT,TAGTGTACAC,GTGTACACTA
SI-TT-F12,GAGACGCACG,CTATGAACAT,ATGTTCATAG
SI-TT-G1,TGTAGTCATT,CTTGATCGTA,TACGATCAAG
SI-TT-G2,CATGTGGGTT,GATTCCTTTA,TAAAGGAATC
SI-TT-G3,ATGACGTCGC,AGGTCAGGAT,ATCCTGACCT
SI-TT-G4,GCGCTTATGG,GCCTGGCTAG,CTAGCCAGGC
SI-TT-G5,ATAGGGCGAG,TGCATCGAGT,ACTCGATGCA
SI-TT-G6,GCGGGTAAGT,TAGCACTAAG,CTTAGTGCTA
SI-TT-G7,GTTTCACGAT,TTCGGCCAAA,TTTGGCCGAA
SI-TT-G8,TAAGCAACTG,CTATACTCAA,TTGAGTATAG
SI-TT-G9,CCGGAGGAAG,TGCGGATGTT,AACATCCGCA
SI-TT-G10,ACTTTACGTG,TGAACGCCCT,AGGGCGTTCA
SI-TT-G11,GATAACCTGC,CATTAGAAAC,GTTTCTAATG
SI-TT-G12,CTTGCATAAA,ATCAGGGCTT,AAGCCCTGAT
SI-TT-H1,ACAATGTGAA,CGTACCGTTA,TAACGGTACG
SI-TT-H2,TAGCATAGTG,CGGCTCTGTC,GACAGAGCCG
SI-TT-H3,CCCGTTCTCG,GACGGATTGG,CCAATCCGTC
SI-TT-H4,AGTTTCCTGG,TGCCACACAG,CTGTGTGGCA
SI-TT-H5,AGCAAGAAGC,TTGTGTTTCT,AGAAACACAA
SI-TT-H6,CCTATCCTCG,GAATACTAAC,GTTAGTATTC
SI-TT-H7,ACCTCGAGCT,TGTGTTCGAT,ATCGAACACA
SI-TT-H8,ATAAGGATAC,ATAGATAGGG,CCCTATCTAT
SI-TT-H9,AGAACTTAGA,CGAGTCCTTT,AAAGGACTCG
SI-TT-H10,TTATCTAGGG,AAAGGCTCTA,TAGAGCCTTT
SI-TT-H11,ACAATCGATC,TGACGGAATG,CATTCCGTCA
SI-TT-H12,TGATGATTCA,GTAGGAGTCG,CGACTCCTAC